Date,Children apprehended and placed in CBP custody*,Children in CBP custody,Children transferred out of CBP custody,Children in HHS Care,Children discharged from HHS Care
2023-01-01,247,351,276,58957,1856
2023-02-01,1886,3255,2637,148120,5183
2023-03-01,2479,4657,3399,150962,5375
2023-04-01,3129,5254,3967,164696,5668
2023-05-01,2746,4773,3622,180117,6256
2023-06-01,1774,2913,2416,122729,4029
2023-07-01,2858,5151,3897,143390,4407
2023-08-01,2751,4744,3587,186958,6470
2023-09-01,3194,5530,3971,203325,6546
2023-10-01,1486,2264,2049,224517,7658
2023-11-01,2299,3670,3198,194522,5992
2023-12-01,2207,3546,3105,210304,6804
2024-01-01,2097,3753,2850,194723,6496
2024-02-01,4517,8832,6332,166504,5273
2024-03-01,3377,6745,5209,176036,5678
2024-04-01,3424,6802,5178,154597,4474
2024-05-01,3493,7261,5194,157296,4336
2024-06-01,3376,5963,4882,155558,4911
2024-07-01,2563,4461,3679,132013,3899
2024-08-01,2656,4835,3546,114081,3073
2024-09-01,2783,5263,3987,136695,3692
2024-10-01,2736,5112,3886,126690,3194
2024-11-01,2664,4498,3414,112379,3001
2024-12-01,3480,5978,4395,141211,3662
2025-01-01,1311,1957,1750,109804,3330
2025-02-01,312,431,341,52849,1160
2025-03-01,169,472,190,47618,309
2025-04-01,189,572,230,52282,203
2025-05-01,217,591,252,43325,205
2025-06-01,123,324,138,42371,281
2025-07-01,70,293,88,45931,396
2025-08-01,107,512,147,40026,254
2025-09-01,204,788,260,45809,237
2025-10-01,168,721,263,46852,242
2025-11-01,129,661,182,44192,159
2025-12-01,116,543,124,36679,144
